[
    {
        "id":"1",
        "title":"第2件5折 广誉远 定坤丹",
        "category":"shoes",
        "imgurl":"../img/111.jpg",
        "url":"#",
        "price":158,
        "off":0.2,
        "star":4,
        "commentCount":10002
    },
    {
        "id":"2",
        "title":" 同仁堂 加味逍遥丸 6g*10袋*3盒",
        "category":"shoes",
        "imgurl":"../img/112.jpg",
        "url":"#",
        "price":698,
        "off":0.2,
        "star":4,
        "commentCount":10002
    },
    {
        "id":"3",
        "title":" 同仁堂 加味逍遥丸 6g*10袋*3盒",
        "category":"shoes",
        "imgurl":"../img/113.jpg",
        "url":"#",
        "price":398,
        "off":0.2,
        "star":4,
        "commentCount":10002
    },
    {
        "id":"4",
        "title":"九安 上臂式电子血压计 KN-550(黑色)",
        "category":"shoes",
        "imgurl":"i../mg/114.jpg",
        "url":"#",
        "price":998,
        "off":0.2,
        "star":4,
        "commentCount":10002
    },
    {
        "id":"5",
        "title":"九安 上臂式电子血压计 KN-550(黑色)",
        "category":"shoes",
        "imgurl":"i../mg/114.jpg",
        "url":"#",
        "price":98,
        "off":0.2,
        "star":4,
        "commentCount":10002
    },
    {
        "id":"6",
        "title":"九安 上臂式电子血压计 KN-550(黑色)",
        "category":"shoes",
        "imgurl":"i../mg/114.jpg",
        "url":"#",
        "price":8,
        "off":0.2,
        "star":4,
        "commentCount":10002
    },
    {
        "id":"7",
        "title":"九安 上臂式电子血压计 KN-550(黑色)",
        "category":"shoes",
        "imgurl":"i../mg/114.jpg",
        "url":"#",
        "price":4498,
        "off":0.2,
        "star":4,
        "commentCount":10002
    },
    {
        "id":"8",
        "title":"九安 上臂式电子血压计 KN-550(黑色)",
        "category":"shoes",
        "imgurl":"i../mg/114.jpg",
        "url":"#",
        "price":555,
        "off":0.2,
        "star":4,
        "commentCount":10002
    }
]